Workbook

Sheet 📖 Instrucciones
A1: MATRIZ DE TRAZABILIDAD DE REQUISITOS
A2: Plantilla estándar para proyectos de desarrollo de software · Versión 1.0
A4: ¿QUÉ ES ESTA PLANTILLA?
A5: Esta plantilla permite rastrear cada necesidad de negocio a través de todo el ciclo de vida del software: desde el requisito que la documenta, hasta los casos de prueba que la verifican y el código que la implementa. Cuando un requisito cambia, la matriz muestra de inmediato qué otros artefactos deben actualizarse, evitando el scope creep silencioso y las regresiones no detectadas.
A9: ESTRUCTURA DE LA PLANTILLA
A10: 📋 Matriz principal | C10: Hoja central. Cada fila es un requisito. Registra origen, especificación, pruebas, estado y RFC asociada.
A11: 🔗 Trazabilidad visual | C11: Vista cruzada (requisitos × artefactos). Un ✓ en cada celda indica que el artefacto cubre ese requisito.
A12: 📊 Resumen y métricas | C12: Dashboard automático: % de cobertura, requisitos sin prueba, cambios pendientes y semáforo de salud.
A13: 📝 Registro de RFCs | C13: Historial de todas las Solicitudes de Cambio procesadas, con estado y artefactos impactados.
A14: 🗂️ Catálogo de artefactos | C14: Inventario de todos los documentos, módulos de código y casos de prueba referenciados en la matriz.
A16: GUÍA DE COLORES Y ESTADOS
A17: Activo / Aprobado / Completado | D17: El requisito o artefacto está en uso y verificado.
A18: En desarrollo / Pendiente de revisión | D18: Trabajo en curso. Requiere seguimiento.
A19: Rechazado / Bloqueado / Sin cobertura | D19: Requiere acción inmediata. No puede cerrarse el ciclo.
A20: Propuesto / En análisis | D20: RFC o requisito recién ingresado, aún no evaluado.
A21: Aplazado / En espera de decisión | D21: El CCB ha pospuesto la decisión a una iteración futura.
A22: Archivado / Fuera de alcance | D22: No aplica al sprint actual. Conservado por trazabilidad histórica.
A24: FLUJO DE TRABAJO RECOMENDADO
A25: 1. Al iniciar el proyecto, registra todas las necesidades de negocio en la columna 'ID Necesidad' de la Matriz principal.
A26: 2. Para cada necesidad, crea al menos un requisito en la hoja Matriz principal. Completa todas las columnas.
A27: 3. A medida que avanza el desarrollo, actualiza 'ID Código', 'ID Caso de prueba' y 'Resultado prueba'.
A28: 4. Cuando llegue una RFC, regístrala en la hoja 'Registro de RFCs' y actualiza las filas afectadas en la Matriz principal.
A29: 5. Usa la hoja 'Trazabilidad visual' para detectar requisitos sin cobertura (celdas vacías en columnas de artefactos).
A30: 6. Revisa el 'Resumen y métricas' antes de cada reunión del CCB o revisión de sprint.
A31: 7. Al cerrar el proyecto, archiva la matriz completa junto con el SRS y el informe de lecciones aprendidas.

Sheet 📋 Matriz principal
A1: MATRIZ DE TRAZABILIDAD DE REQUISITOS — Hoja principal
A2: IDENTIFICACIÓN | D2: ORIGEN | G2: ESPECIFICACIÓN | I2: IMPLEMENTACIÓN | L2: VERIFICACIÓN | O2: ESTADO Y CAMBIOS
A3: ID Requisito | B3: Título del requisito | C3: Tipo | D3: ID Necesidad de negocio | E3: Stakeholder solicitante | F3: Prioridad (MoSCoW) | G3: Versión SRS | H3: Criterios de aceptación (resumen) | I3: ID Módulo / Código | J3: Sprint implementación | K3: Responsable desarrollo | L3: ID Caso de prueba | M3: Resultado prueba | N3: Fecha última prueba | O3: Estado actual | P3: RFC asociada | Q3: Última actualización | R3: Notas / Observaciones
A4: RF-01 | B4: Subir marcha | C4: Funcional | D4: NEG-01 | E4: Conductor / equipo de desarrollo | F4: Must have | G4: SRS v1.0 | H4: Desde marcha n (1≤n<5), una solicitud válida termina en n+1 y queda como máximo un engranaje acoplado. | I4: UnidadControl.subirMarcha() / CajaCambios | J4: Misión 3–4 | K4: Lucas Acevedo Rubio | L4: TC-FUNC-01 | M4: Diseñado | N4: 2026-08-30 | O4: Trazado | Q4: 2026-09-25 | R4: Relacionado con CU-01.
A5: RF-02 | B5: Bajar marcha | C5: Funcional | D5: NEG-01 | E5: Conductor / equipo de desarrollo | F5: Must have | G5: SRS v1.0 | H5: Desde marcha n (1<n≤5), una solicitud válida termina en n-1. | I5: UnidadControl.bajarMarcha() / CajaCambios | J5: Misión 3–4 | K5: Lucas Acevedo Rubio | L5: TC-FUNC-02 | M5: Diseñado | N5: 2026-08-30 | O5: Trazado | Q5: 2026-09-25 | R5: Relacionado con CU-02.
A6: RF-03 | B6: Seleccionar una marcha mediante palanca | C6: Funcional | D6: NEG-01 | E6: Conductor / equipo de desarrollo | F6: Must have | G6: SRS v1.0 | H6: Una selección válida 1..5 deja ese valor como marcha actual y su engranaje como único acoplado. | I6: Palanca.cambiar() / UnidadControl | J6: Misión 3–4 | K6: Lucas Acevedo Rubio | L6: TC-FUNC-03 | M6: Diseñado | N6: 2026-08-30 | O6: Trazado | Q6: 2026-09-25 | R6: Relacionado con CU-03.
A7: RF-04 | B7: Validar límites de marcha | C7: Funcional | D7: NEG-02 | E7: Equipo de desarrollo / QA | F7: Must have | G7: SRS v1.0 | H7: Entradas fuera de 1..5 o subir desde 5/bajar desde 1 se rechazan sin cambiar el último estado válido. | I7: UnidadControl / CajaCambios | J7: Misión 3–4 | K7: Lucas Acevedo Rubio | L7: TC-FUNC-03 | M7: Diseñado | N7: 2026-08-30 | O7: Trazado | Q7: 2026-09-25 | R7: Comparte TC-FUNC-03 con RF-03.
A8: RF-05 | B8: Cambiar modo de funcionamiento | C8: Funcional | D8: NEG-03 | E8: Conductor / equipo de desarrollo | F8: Should have | G8: SRS v1.0 | H8: El modo resultante pertenece a los modos válidos configurados y es observable por el sistema. | I8: SelectorModo.cambiar() / UnidadControl | J8: Misión 3–4 | K8: Lucas Acevedo Rubio | L8: TC-FUNC-04 | M8: Diseñado | N8: 2026-08-30 | O8: Trazado | Q8: 2026-09-25 | R8: Relacionado con CU-04.
A9: RF-06 | B9: Activar embrague al pisar el pedal | C9: Funcional | D9: NEG-04 | E9: Conductor / equipo de desarrollo | F9: Must have | G9: SRS v1.0 | H9: Tras pisar el pedal, el estado informado por el embrague es activado. | I9: Pedal.pisar() / Embrague.activar() | J9: Misión 3–4 | K9: Lucas Acevedo Rubio | L9: TC-FUNC-05 | M9: Diseñado | N9: 2026-08-30 | O9: Trazado | Q9: 2026-09-25 | R9: Relacionado con CU-05.
A10: RF-07 | B10: Desactivar embrague al soltar el pedal | C10: Funcional | D10: NEG-04 | E10: Conductor / equipo de desarrollo | F10: Must have | G10: SRS v1.0 | H10: Tras soltar el pedal, el estado informado por el embrague es desactivado. | I10: Pedal.soltar() / Embrague.desactivar() | J10: Misión 3–4 | K10: Lucas Acevedo Rubio | L10: TC-FUNC-05 | M10: Diseñado | N10: 2026-08-30 | O10: Trazado | Q10: 2026-09-25 | R10: Relacionado con CU-05.
A11: RF-08 | B11: Informar estado del embrague | C11: Funcional | D11: NEG-04 | E11: Unidad de control / QA | F11: Should have | G11: SRS v1.0 | H11: La información reportada coincide con el último estado activado/desactivado registrado. | I11: Embrague.informarEstado() | J11: Misión 3–4 | K11: Lucas Acevedo Rubio | L11: TC-FUNC-05 | M11: Diseñado | N11: 2026-08-30 | O11: Trazado | Q11: 2026-09-25 | R11: Relacionado con CU-05.
A12: RF-09 | B12: Acoplar un único engranaje | C12: Funcional | D12: NEG-05 | E12: Equipo de desarrollo / QA | F12: Must have | G12: SRS v1.0 | H12: Después de un cambio válido existe exactamente un engranaje acoplado. | I12: CajaCambios.acoplar() / Engranaje | J12: Misión 3–4 | K12: Lucas Acevedo Rubio | L12: TC-FUNC-01, TC-FUNC-02, TC-FUNC-03 | M12: Diseñado | N12: 2026-08-30 | O12: Trazado | Q12: 2026-09-25 | R12: Trazado a CU-01/CU-02/CU-03.
A13: RF-10 | B13: Desacoplar engranaje | C13: Funcional | D13: NEG-05 | E13: Equipo de desarrollo / QA | F13: Must have | G13: SRS v1.0 | H13: Tras ejecutar desacoplar, no hay engranajes acoplados durante la transición requerida. | I13: CajaCambios.desacoplar() / Engranaje.desengranar() | J13: Misión 3–4 | K13: Lucas Acevedo Rubio | L13: TC-FUNC-01, TC-FUNC-02, TC-FUNC-03 | M13: Diseñado | N13: 2026-08-30 | O13: Trazado | Q13: 2026-09-25 | R13: Trazado a CU-01/CU-02/CU-03.
A14: RNF-01 | B14: Tiempo de respuesta | C14: Rendimiento | D14: NEG-06 | E14: Usuario del simulador / QA | F14: Must have | G14: SRS v1.0 | H14: Al menos 95 de 100 cambios válidos reflejan la nueva marcha en ≤100 ms. | I14: Subsistema de transmisión | J14: Misión 3–4 | K14: Lucas Acevedo Rubio | L14: TC-NF-01 | M14: Diseñado | N14: 2026-08-30 | O14: Trazado | Q14: 2026-09-25 | R14: Prueba de rendimiento.
A15: RNF-02 | B15: Integridad del estado | C15: Calidad | D15: NEG-07 | E15: Equipo de desarrollo / QA | F15: Must have | G15: SRS v1.0 | H15: En 1.000 operaciones no aparece un estado con dos o más engranajes acoplados. | I15: CajaCambios / UnidadControl | J15: Misión 3–4 | K15: Lucas Acevedo Rubio | L15: TC-NF-02 | M15: Diseñado | N15: 2026-08-30 | O15: Trazado | Q15: 2026-09-25 | R15: Comparte TC-NF-02 con RNF-03.
... A17: RNF-04 | B17: Disponibilidad lógica | C17: Disponibilidad | D17: NEG-08 | E17: Usuario del simulador / QA | F17: Should have | G17: SRS v1.0 | H17: Disponibilidad medida ≥99,9% durante una sesión controlada de 60 minutos. | I17: Subsistema de transmisión | J17: Misión 3–4 | K17: Lucas Acevedo Rubio | L17: TC-NF-03 | M17: Diseñado | N17: 2026-08-30 | O17: Trazado | Q17: 2026-09-25 | R17: Prueba de disponibilidad.
A18: RNF-05 | B18: Mantenibilidad | C18: Mantenibilidad | D18: NEG-09 | E18: Equipo de desarrollo | F18: Should have | G18: SRS v1.0 | H18: Una revisión de código debe confirmar separación por componentes y ausencia de duplicación del estado principal. | I18: UnidadControl / Embrague / Caja / Engranaje | J18: Pendiente implementación | K18: Lucas Acevedo Rubio | M18: Pendiente | O18: Pendiente verificación | Q18: 2026-09-25 | R18: Brecha de auditoría: el SRS define el criterio, pero no existe caso de prueba/revisión ejecutable en el plan actual.
A19: RNF-06 | B19: Portabilidad | C19: Portabilidad | D19: NEG-10 | E19: Equipo de desarrollo / QA | F19: Could have | G19: SRS v1.0 | H19: Los casos funcionales pueden ejecutarse automáticamente sin volante, palanca ni pedal físico. | I19: Capa de eventos de entrada | J19: Misión 3–4 | K19: Lucas Acevedo Rubio | L19: TC-NF-04 | M19: Diseñado | N19: 2026-08-30 | O19: Trazado | Q19: 2026-09-25 | R19: Prueba de portabilidad sin hardware físico.

Sheet 🔗 Trazabilidad visual
A1: TRAZABILIDAD VISUAL — Requisitos × Artefactos
C2: Necesidades | G2: Casos de prueba | L2: Módulos código
A3: ID Req. | B3: Título (abrev.) | C3: SRS-001 | D3: UML-001 | E3: UML-002 | F3: TC-FUNC-01 | G3: TC-FUNC-02 | H3: TC-FUNC-03 | I3: TC-FUNC-04 | J3: TC-FUNC-05 | K3: TC-NF-01 | L3: TC-NF-02 | M3: TC-NF-03 | N3: TC-NF-04
A4: RF-01 | B4: Subir marcha | C4: ✓ | E4: ✓ | F4: ✓
A5: RF-02 | B5: Bajar marcha | C5: ✓ | E5: ✓ | G5: ✓
A6: RF-03 | B6: Seleccionar una marcha mediante palanca | C6: ✓ | E6: ✓ | H6: ✓
A7: RF-04 | B7: Validar límites de marcha | C7: ✓ | E7: ✓ | H7: ✓
A8: RF-05 | B8: Cambiar modo de funcionamiento | C8: ✓ | E8: ✓ | I8: ✓
A9: RF-06 | B9: Activar embrague al pisar el pedal | C9: ✓ | D9: ✓ | E9: ✓ | J9: ✓
A10: RF-07 | B10: Desactivar embrague al soltar el pedal | C10: ✓ | D10: ✓ | E10: ✓ | J10: ✓
A11: RF-08 | B11: Informar estado del embrague | C11: ✓ | D11: ✓ | E11: ✓ | J11: ✓
A12: RF-09 | B12: Acoplar un único engranaje | C12: ✓ | D12: ✓ | F12: ✓ | G12: ✓ | H12: ✓
A13: RF-10 | B13: Desacoplar engranaje | C13: ✓ | D13: ✓ | F13: ✓ | G13: ✓ | H13: ✓
A14: RNF-01 | B14: Tiempo de respuesta | C14: ✓ | K14: ✓
A15: RNF-02 | B15: Integridad del estado | C15: ✓ | D15: ✓ | L15: ✓
A16: RNF-03 | B16: Fiabilidad | C16: ✓ | L16: ✓
A17: RNF-04 | B17: Disponibilidad lógica | C17: =IFERROR(COUNTIF(C4:C15,"✓")/COUNTA(C4:C15),"") -> 1 | D17: =IFERROR(COUNTIF(D4:D15,"✓")/COUNTA(D4:D15),"") -> 1 | E17: =IFERROR(COUNTIF(E4:E15,"✓")/COUNTA(E4:E15),"") -> 1 | F17: =IFERROR(COUNTIF(F4:F15,"✓")/COUNTA(F4:F15),"") -> 1 | G17: =IFERROR(COUNTIF(G4:G15,"✓")/COUNTA(G4:G15),"") -> 1 | H17: =IFERROR(COUNTIF(H4:H15,"✓")/COUNTA(H4:H15),"") -> 1 | I17: =IFERROR(COUNTIF(I4:I15,"✓")/COUNTA(I4:I15),"") -> 1 | J17: =IFERROR(COUNTIF(J4:J15,"✓")/COUNTA(J4:J15),"") -> 1 | ... N17: =IFERROR(COUNTIF(N4:N15,"✓")/COUNTA(N4:N15),"")
A18: RNF-05 | B18: Mantenibilidad | C18: ✓ | D18: ✓
A19: RNF-06 | B19: Portabilidad | C19: ✓ | N19: ✓
A20: Cobertura por artefacto (%) | C20: =IFERROR(COUNTIF(C4:C19,"✓")/COUNTA($A$4:$A$19),"") -> 0.9375 | D20: =IFERROR(COUNTIF(D4:D19,"✓")/COUNTA($A$4:$A$19),"") -> 0.4375 | E20: =IFERROR(COUNTIF(E4:E19,"✓")/COUNTA($A$4:$A$19),"") -> 0.5 | F20: =IFERROR(COUNTIF(F4:F19,"✓")/COUNTA($A$4:$A$19),"") -> 0.1875 | G20: =IFERROR(COUNTIF(G4:G19,"✓")/COUNTA($A$4:$A$19),"") -> 0.1875 | H20: =IFERROR(COUNTIF(H4:H19,"✓")/COUNTA($A$4:$A$19),"") -> 0.25 | I20: =IFERROR(COUNTIF(I4:I19,"✓")/COUNTA($A$4:$A$19),"") -> 0.0625 | J20: =IFERROR(COUNTIF(J4:J19,"✓")/COUNTA($A$4:$A$19),"") -> 0.1875 | ... N20: =IFERROR(COUNTIF(N4:N19,"✓")/COUNTA($A$4:$A$19),"") -> 0.0625

Sheet 📊 Resumen y métricas
A1: RESUMEN Y MÉTRICAS — Auditoría de trazabilidad
A2: Caso auditado: Simulador de Transmisión Mecánica · cierre 25/09/2026
A4: Total requisitos | C4: Con evidencia de prueba | E4: Pendiente verificación | G4: Brechas detectadas | I4: Cobertura de prueba
A5: =COUNTA('📋 Matriz principal'!A4:A103) -> 16 | C5: =COUNTA('📋 Matriz principal'!L4:L103) -> 15 | E5: =COUNTIF('📋 Matriz principal'!O4:O103,"Pendiente verificación") -> 1 | G5: =A5-C5 -> 1 | I5: =IFERROR(C5/A5,0) -> 0.9375
A8: DISTRIBUCIÓN POR TIPO
A9: Funcional | B9: Rendimiento | C9: Calidad | D9: Disponibilidad | E9: Mantenibilidad | F9: Portabilidad | G9: Otros
A10: =COUNTIF('📋 Matriz principal'!C4:C103,"Funcional") -> 10 | B10: =COUNTIF('📋 Matriz principal'!C4:C103,"Rendimiento") -> 1 | C10: =COUNTIF('📋 Matriz principal'!C4:C103,"Calidad") -> 2 | D10: =COUNTIF('📋 Matriz principal'!C4:C103,"Disponibilidad") -> 1 | E10: =COUNTIF('📋 Matriz principal'!C4:C103,"Mantenibilidad") -> 1 | F10: =COUNTIF('📋 Matriz principal'!C4:C103,"Portabilidad") -> 1 | G10: =A5-SUM(A10:F10) -> 0
A12: DISTRIBUCIÓN POR PRIORIDAD (MoSCoW)
A13: Must have | C13: Should have | E13: Could have | G13: Won't have
A14: =COUNTIF('📋 Matriz principal'!F4:F103,"Must have") -> 11 | C14: =COUNTIF('📋 Matriz principal'!F4:F103,"Should have") -> 4 | E14: =COUNTIF('📋 Matriz principal'!F4:F103,"Could have") -> 1 | G14: =COUNTIF('📋 Matriz principal'!F4:F103,"Won't have") -> 0
A16: HALLAZGO DE AUDITORÍA
A17: RNF-05 (Mantenibilidad) tiene criterio de aceptación en la SRS, pero no tiene caso de prueba/revisión asociado en el plan de pruebas actual. La matriz lo deja visible como brecha para cierre.

Sheet 📝 Registro de RFCs
A1: REGISTRO DE SOLICITUDES DE CAMBIO (RFC)
A2: ID RFC | B2: Título del cambio | C2: Solicitante | D2: Fecha solicitud | E2: Prioridad | F2: Requisito(s) afect. | G2: Artefactos impactados | H2: Decisión CCB | I2: Fecha decisión | J2: Responsable impl. | K2: Sprint impl. | L2: Estado RFC | M2: Notas
A3: RFC-A1 | B3: Gestión de clima extremo / alerta meteorológica | C3: Equipo del proyecto | D3: 2026-09-14 | E3: Alta | F3: Compañía Aérea | G3: PV-001; PB-001 | H3: Aprobada | I3: 2026-09-14 | J3: Lucas | K3: Cierre U3 | L3: Cerrada | M3: Artefacto del caso Compañía Aérea; no modifica el SRS del simulador.
A4: RFC-A2 | B4: Automatización de notificaciones Teams/Email | C4: Equipo del proyecto | D4: 2026-09-14 | E4: Media | F4: Compañía Aérea | G4: PV-001; PB-001 | H4: Aprobada | I4: 2026-09-14 | J4: Lucas | K4: Cierre U3 | L4: Cerrada | M4: Artefacto del caso Compañía Aérea.
A5: RFC-B1 | B5: Promedio de las últimas 3 simulaciones | C5: Equipo del proyecto | D5: 2026-09-14 | E5: Media | F5: Compañía Aérea | G5: PV-001; PB-001 | H5: Aprobada | I5: 2026-09-14 | J5: Lucas | K5: Cierre U3 | L5: Cerrada | M5: Artefacto del caso Compañía Aérea.
A6: RFC-B2 | B6: Fórmula 70% simulación / 30% experiencia real | C6: Equipo del proyecto | D6: 2026-09-14 | E6: Alta | F6: Compañía Aérea | G6: PV-001; PB-001 | H6: Aprobada | I6: 2026-09-14 | J6: Lucas | K6: Cierre U3 | L6: Cerrada | M6: Artefacto del caso Compañía Aérea.
A7: RFC-C1 | B7: IA predictiva de escenarios | C7: Equipo del proyecto | D7: 2026-09-14 | E7: Media | F7: Compañía Aérea | G7: PV-001; PB-001 | H7: Rechazada | I7: 2026-09-14 | J7: CCB | K7: N/A | L7: Rechazada | M7: Rechazada por riesgo de caja negra en la decisión.
A8: RFC-C2 | B8: Alineación con norma NAC-2026 | C8: Equipo del proyecto | D8: 2026-09-14 | E8: Alta | F8: Compañía Aérea | G8: PV-001; PB-001 | H8: Aprobada | I8: 2026-09-14 | J8: Lucas | K8: Cierre U3 | L8: Cerrada | M8: Incluida en el plan de implementación del caso.

Sheet 🗂️ Catálogo de artefactos
A1: CATÁLOGO DE ARTEFACTOS
A2: ID único | B2: Tipo | C2: Nombre / Descripción | D2: Versión | E2: Estado final | F2: Autor o revisor | G2: Fecha de cierre | H2: Artefactos relacionados
A3: PV-001 | B3: Product Vision Board | C3: Visión del producto — Compañía Aérea | D3: 1.0 | E3: Cerrado | F3: Lucas Acevedo Rubio | G3: 2026-09-25 | H3: PB-001; RFC-A1; RFC-A2
A4: PB-001 | B4: Product Backlog | C4: Backlog — Compañía Aérea | D4: 1.0 | E4: Cerrado | F4: Lucas Acevedo Rubio | G4: 2026-09-25 | H4: PV-001; RFC-A1; RFC-B1
A5: RFC-A1 | B5: RFC | C5: Clima extremo / alerta meteorológica | D5: 1.0 | E5: Aprobado por CCB | F5: Lucas Acevedo Rubio | G5: 2026-09-25 | H5: PV-001; PB-001
A6: RFC-A2 | B6: RFC | C6: Notificaciones Teams/Email | D6: 1.0 | E6: Aprobado por CCB | F6: Lucas Acevedo Rubio | G6: 2026-09-25 | H6: PV-001; PB-001
A7: RFC-B1 | B7: RFC | C7: Promedio últimas 3 simulaciones | D7: 1.0 | E7: Aprobado por CCB | F7: Lucas Acevedo Rubio | G7: 2026-09-25 | H7: PV-001; PB-001
A8: RFC-B2 | B8: RFC | C8: Fórmula 70% simulación / 30% experiencia real | D8: 1.0 | E8: Aprobado por CCB | F8: Lucas Acevedo Rubio | G8: 2026-09-25 | H8: PV-001; PB-001
A9: RFC-C1 | B9: RFC | C9: IA predictiva de escenarios | D9: 1.0 | E9: Rechazado por CCB | F9: Lucas Acevedo Rubio | G9: 2026-09-25 | H9: PV-001; PB-001
A10: RFC-C2 | B10: RFC | C10: Alineación con NAC-2026 | D10: 1.0 | E10: Aprobado por CCB | F10: Lucas Acevedo Rubio | G10: 2026-09-25 | H10: PV-001; PB-001
A11: SRS-001 | B11: Documento SRS | C11: SRS Simulador de Transmisión Mecánica | D11: 1.0 | E11: Cerrado | F11: Lucas Acevedo Rubio | G11: 2026-09-25 | H11: RF-01..RF-10; RNF-01..RNF-06; TC-001
A12: UML-001 | B12: Modelo UML | C12: Modelo estructural UML | D12: 1.0 | E12: Cerrado | F12: Lucas Acevedo Rubio | G12: 2026-09-25 | H12: SRS-001; RF-06..RF-10; RNF-02; RNF-05
A13: UML-002 | B13: Modelo UML | C13: Modelo de comportamiento / casos de uso | D13: 1.0 | E13: Cerrado | F13: Lucas Acevedo Rubio | G13: 2026-09-25 | H13: SRS-001; CU-01..CU-05; RF-01..RF-08
... A18: README-001 | B18: Documentación | C18: README del repositorio y lecciones aprendidas | D18: 1.0 | E18: Cerrado | F18: Lucas Acevedo Rubio | G18: 2026-09-25 | H18: Todos los artefactos

Sheet ⚙️ Evidencia de gestión
A1: EVIDENCIA DE GESTIÓN DE ARTEFACTOS Y VERSIONADO
A3: Campo | B3: Evidencia / acción
A4: Herramienta de gestión | B4: GitHub (repositorio del portafolio)
A5: Control de versiones | B5: Git: commits por actividad / versión
A6: Matriz automatizada | B6: Generación/actualización mediante script build_traceability_matrix.py
A7: Datos fuente | B7: SRS + casos de prueba + catálogo de artefactos + registro de RFCs
A8: Autor | B8: Lucas Acevedo Rubio
A9: Fecha de cierre | B9: 2026-09-25
A16: URL repositorio | B16: https://github.com/LUCASACEVEDO1/PORTAFOLIO-INGENIERIA-REQUISITOS
